module,id,type,feature,route,manual_steps,expected,automation,priority,status,tester,test_date,notes
自动化分层,L0,automation_layer,E2E 工作区冒烟,,在 clip-apps 目录执行（需 dev 或 preview）,各工作区关键按钮可见,npm run test:e2e:migration,P0,,,,
自动化分层,L1,automation_layer,迁移门全量,,在 clip-apps 目录执行,Vitest 全通过（约 1141+）,npm run test:migration,P0,,,,
自动化分层,L2,automation_layer,产品门,,在 clip-apps 目录执行,gates allOk,npm run migration:gates,P0,,,,
自动化分层,L3,automation_layer,离线 soak,,在 clip-apps 目录执行,各 MigrationComplete 通过,npm run soak:offline,P1,,,,
自动化分层,L4,automation_layer,有序管线离线,,在 clip-apps 目录执行,四阶段离线 OK,npm run migration:ordered:offline,P1,,,,
自动化分层,L5,automation_layer,Bridge mock WS,,在 clip-apps 目录执行,carveraOk 且 gridbotOk,npm run soak:device-bridge:mock,P0,,,,
自动化分层,L6,automation_layer,Live soak 组合,,按 OPERATIONS.md §9 设置 env,各域 live spec 通过,见 OPERATIONS.md §7 各模块 automation 列,P2,,,,
自动化分层,L7,automation_layer,Raster E2E 基线,,E2E_RASTER_BASELINE=1,planar checksum 一致,npm run test:e2e:raster-baseline,P1,,,,
自动化分层,CI,automation_layer,CI 一键离线回归,,在 clip-apps 目录执行,脚本退出码 0,npm run migration:ci,P0,,,,
平台与公共,P-01,manual_check,应用启动,,npm run dev 打开首页,无白屏侧栏菜单完整,npm run test:e2e:migration,P0,,,,
平台与公共,P-02,manual_check,全局设置保存,/settings,改单位或深色 → 保存 → 刷新,设置保留,,P1,,,,
平台与公共,P-03,manual_check,迁移进度条,顶栏,打开任意页,显示 scoreboard 百分比,npm run migration:report,P1,,,,
平台与公共,P-04,manual_check,grip 资源同步,,npm run sync:grip-all,无报错且 public/grip-raster-fixtures 存在,npm run sync:verify,P0,,,,
平台与公共,P-05,manual_check,迁移门全绿,,在 clip-apps 目录执行,Vitest 全通过,npm run test:migration,P0,,,,
平台与公共,P-06,manual_check,产品门全绿,,在 clip-apps 目录执行,gates allOk,npm run migration:gates,P0,,,,
CAM,CAM-01,manual_check,页面加载,/cam,进入 CAM,生成 CAM 刀路与对比金样 motion 按钮可见,npm run test:e2e:migration,P0,,,,
CAM,CAM-02,manual_check,加载示例配置,/cam,点击加载示例配置,device/process/tools 有值,,P0,,,,
CAM,CAM-03,manual_check,导入工件 STL,/cam,点击导入工件 STL 并选择文件,预览区有几何,,P1,,,,
CAM,CAM-04,manual_check,工艺配置,/cam,编辑 Stock/Z/速度与 ops 列表,表单可改且 ops 可选中,,P1,,,,
CAM,CAM-05,manual_check,生成 CAM 刀路,/cam,点击生成 CAM 刀路（Legacy）,进度完成有 G-code 且 legacy 非 error,npm run test:cam,P0,,,,
CAM,CAM-06,manual_check,G-code 预览,/cam,生成后查看中央预览,可见 G0/G1 折线,,P0,,,,
CAM,CAM-07,manual_check,grip 金样预览,/cam,点击 grip 金样预览,预览有内容,,P1,,,,
CAM,CAM-08,manual_check,对比金样 motion,/cam,点击对比金样 motion,提示 match 或显示 diff,,P1,,,,
CAM,CAM-09,manual_check,复制/下载 G-code,/cam,点击复制与下载,剪贴板或文件含 G-code,,P1,,,,
CAM,CAM-10,manual_check,保存到 Carvera Job,/cam,点击保存到 Carvera,Carvera 作业列表出现记录,,P1,,,,
CAM,CAM-11,manual_check,保存到 GridBot Job,/cam,点击保存到 GridBot,GridBot Jobs 出现记录,,P2,,,,
CAM,CAM-12,manual_check,导入/导出 JSON,/cam,导出 → 重置 → 导入,配置恢复,,P1,,,,
CAM,CAM-13,manual_check,会话包/预览设置,/cam,导入会话包与导出预览设置,JSON 可导出并可再导入,,P2,,,,
CAM,CAM-14,manual_check,Legacy 健康,/cam,查看 Legacy 桥接提示条,VITE_KIRI_LEGACY_CAM=1 时为 ready,npm run soak:cam:live,P1,,,,
FDM,FDM-01,manual_check,工作区加载,/fdm,打开 FDM 工作区,切片按钮可见,npm run test:e2e:migration,P0,,,,
FDM,FDM-02,manual_check,导入模型,/fdm,点击导入模型文件,模型列表增加,,P0,,,,
FDM,FDM-03,manual_check,切片,/fdm,选模型后点击切片,sliceResult 有层数且摘要显示,,P0,,,,
FDM,FDM-04,manual_check,层预览,/fdm,拖动层滑块,2D canvas 随层变化,,P1,,,,
FDM,FDM-05,manual_check,3D 刀路示意,/fdm,切片完成后查看 GcodePreviewPanel,有 G0/G1 折线,,P1,,,,
FDM,FDM-06,manual_check,导出 G-code,/fdm,点击导出 G-code,下载 .gcode 文件,,P1,,,,
FDM,FDM-07,manual_check,送到 Carvera/GridBot,/fdm,点击两个绿色发送按钮,对应 Jobs 中新增记录,,P2,,,,
FDM,FDM-08,manual_check,切片后端切换,/fdm,侧栏切换 mock/kiri,摘要中后端字段变化,npm run soak:fdm:live,P1,,,,
FDM,FDM-09,manual_check,Legacy 对账包,/fdm,点击复制对账包,剪贴板含 fdmLegacyComparison,含于 npm run test:migration,P1,,,,
FDM,FDM-10,manual_check,设备/工艺/材料页,/devices/fdm 等,打开各 FDM 子页,列表可浏览（占位数据可接受）,,P2,,,,
FDM,FDM-11,manual_check,FDM Jobs,/jobs/fdm,打开作业列表,可见已保存作业,,P2,,,,
FDM,FDM-12,manual_check,Kiri PoC,/fdm,点击 Kiri PoC,有响应或明确错误信息,,P2,,,,
Raster,RAS-01,manual_check,页面加载,/raster,进入 Raster,生成栅格刀路与 grip 基线 STL 可见,npm run test:e2e:migration,P0,,,,
Raster,RAS-02,manual_check,模式切换,/raster,切换 planar/tracing/radial,参数区随模式变化,,P0,,,,
Raster,RAS-03,manual_check,grip 基线 STL,/raster,点击 grip 基线 STL,地形与刀具 STL 加载成功,npm run check:raster-baseline,P0,,,,
Raster,RAS-04,manual_check,planar 基线参数,/raster,grip planar 基线后点击生成,result 有 summary 与 GPU 耗时,,P0,,,,
Raster,RAS-05,manual_check,radial 基线一键,/raster,点击 radial 基线一键,运行完成无报错,,P1,,,,
Raster,RAS-06,manual_check,tracing 示例,/raster,矩形或螺旋示例后生成,有刀路点,,P1,,,,
Raster,RAS-07,manual_check,生成栅格刀路,/raster,点击生成栅格刀路,结果预览有数据,npm run test:raster,P0,,,,
Raster,RAS-08,manual_check,CPU/GPU 对比,/raster,点击 CPU/GPU 对比,弹出对比报告,,P2,,,,
Raster,RAS-09,manual_check,导出 JSON/G-code,/raster,点击导出按钮,文件可下载,,P1,,,,
Raster,RAS-10,manual_check,保存 Carvera/GridBot Job,/raster,点击绿色保存按钮,Jobs 有记录,,P2,,,,
Raster,RAS-11,manual_check,最近任务,/raster,运行后查看最近任务,可载入与再导出,,P2,,,,
Raster,RAS-12,manual_check,E2E planar 基线,/raster,—,浏览器 checksum 一致,E2E_RASTER_BASELINE=1 npm run test:e2e:raster-baseline,P1,,,,
Texturizer,TEX-01,manual_check,页面加载,/texturizer,进入 Texturizer,导入 STL 与 grip 默认参数可见,npm run test:e2e:migration,P0,,,,
Texturizer,TEX-02,manual_check,导入 STL,/texturizer,选择 STL 文件,三角数与预览更新,,P0,,,,
Texturizer,TEX-03,manual_check,grip 默认参数,/texturizer,点击 grip 默认参数,参数填充且提示成功,,P1,,,,
Texturizer,TEX-04,manual_check,运行位移,/texturizer,点击应用纹理位移或运行,summary 有 Z 范围等,npm run soak:texturizer,P0,,,,
Texturizer,TEX-05,manual_check,导出 binary STL,/texturizer,点击导出 STL,下载合法 STL,,P0,,,,
Texturizer,TEX-06,manual_check,导出 JSON,/texturizer,点击导出 JSON,含参数与摘要,,P1,,,,
Texturizer,TEX-07,manual_check,最近任务,/texturizer,运行后载入历史,参数可恢复,,P2,,,,
Texturizer,TEX-08,manual_check,Live 大 mesh,/texturizer,设置 TEXTURIZER_SOAK_STL 等 env,在时限内完成,npm run soak:texturizer:live,P2,,,,
Carvera,CV-01,manual_check,页面加载,/carvera,打开 Carvera 控制,导入与暂停发送等按钮可见,npm run test:e2e:migration,P0,,,,
Carvera,CV-02,manual_check,导入 G-code Job,/carvera,导入 .gcode 文件,作业列表有项,,P0,,,,
Carvera,CV-03,manual_check,Job 管理,/carvera,删除/重命名/导出/复制,各操作生效,,P1,,,,
Carvera,CV-04,manual_check,连接 bridge,/carvera,点击连接（bridge 已启动）,connected=true 且日志有 Grbl 横幅,,P0,,,,
Carvera,CV-05,manual_check,状态轮询,/carvera,连接后发 ? 或等待自动轮询,MPos/WPos/Buf 等字段更新,npm run soak:carvera,P0,,,,
Carvera,CV-06,manual_check,控制命令,/carvera,回零/急停/继续等,日志有收发 mock 有 ok/error,,P1,,,,
Carvera,CV-07,manual_check,3D 机模预览,/carvera,查看中央视口,carvera.obj 显示,npm run sync:grip-carvera-assets,P1,,,,
Carvera,CV-08,manual_check,G-code 3D 预览,/carvera,选中有内容的 Job,GcodePreviewPanel 有折线,,P1,,,,
Carvera,CV-09,manual_check,发送 Job,/carvera,点击发送当前 G-code,日志逐行 out mock 有 ack,,P1,,,,
Carvera,CV-10,manual_check,暂停/继续发送,/carvera,发送中点击暂停,sendPaused 行为符合 UI,,P2,,,,
Carvera,CV-11,manual_check,JOG,/carvera,占位面板 X+/Y- 等,连接时发出 G91 类命令,,P2,,,,
Carvera,CV-12,manual_check,日志导出,/carvera,导出 TXT/JSON,文件含筛选后日志,,P2,,,,
Carvera,CV-13,manual_check,真机 soak,/carvera,TCP 指向真实控制器,L/W/A/H 与 Buf 稳定,CARVERA_SOAK_WS + npm run soak:carvera,P2,,,,
GridBot,GB-01,manual_check,页面加载,/gridbot,打开 GridBot 控制,导入 G-code G28 M112 等可见,npm run test:e2e:migration,P0,,,,
GridBot,GB-02,manual_check,Job 导入/管理,/gridbot,同 Carvera 作业操作,列表与导出正常,,P0,,,,
GridBot,GB-03,manual_check,连接,/gridbot,点击连接,connected 且有温度相关行,,P0,,,,
GridBot,GB-04,manual_check,温度/位置,/gridbot,自动或 M105/M114,解析 T/B 与 X/Y/Z,npm run soak:gridbot,P0,,,,
GridBot,GB-05,manual_check,快捷 G-code,/gridbot,G28 M112 等,日志有发出,,P1,,,,
GridBot,GB-06,manual_check,发送 Job,/gridbot,点击发送当前 G-code,Advanced OK B/P 更新,,P1,,,,
GridBot,GB-07,manual_check,print.run 状态,/gridbot,发送过程中观察,UI 显示 run/进度相关字段,,P1,,,,
GridBot,GB-08,manual_check,调试发送,/gridbot,单行 M105 等,有 ok 回显,,P1,,,,
GridBot,GB-09,manual_check,真机 soak,/gridbot,TCP 指向真实打印机,M105/M114/Advanced OK 通过,GRIDBOT_SOAK_WS + npm run soak:gridbot,P2,,,,
device-bridge,,BR-01,manual_check,双路径监听,,device-bridge 目录 npm run dev,打印 carvera 与 gridbot URL,含于 npm run test:migration,P0,,,,
device-bridge,,BR-02,manual_check,Mock Carvera,,clip 连接 mock 发 ? 多次,状态行含 MPos,npm run soak:device-bridge:mock,P0,,,,
device-bridge,,BR-03,manual_check,Mock GridBot,,M105 M114 N1 G1 X1,ok T: 与 X: 与 ok N1 B,npm run soak:device-bridge:mock,P0,,,,
device-bridge,,BR-04,manual_check,TCP 转发,,配置 CARVERA_TCP 或 GRIDBOT_TCP,bridge 日志 tcp connected,真机手工验证,P2,,,,
